Auction Number,Title,Time Remaining,Current Price
2398693,Van Seat,33060,5.0
2398704,2 Person Vehicle Seat,33060,5.0
2398713,3 Person Vehicle Seat,33060,5.0
2399187,2 iMac Computers,33060,20.51
2399214,2 iMac Desktop Computers,33060,52.0
2399238,iMac Desktop Computer,33060,20.5
2399252,Apple Computer Monitor,33060,77.0
2399263,Dell Desktop Computer,33060,5.5
2400828,Lot of iMacs,33060,66.0
2400846,Lot of iMacs,33060,31.01
2400947,Lof iMac's,33060,62.0
2400950,Lot of iMac's,33060,10.5
2401558,iMac Computer,33060,120.0
2401586,2 iMacs,33060,41.0
2401787,iMac Computer,33060,20.5
2402176,2 watt-hour meters,33060,34.77
2403681,2 iMacs,33060,70.0
2405349,Lot of Counter Tops,33060,12.5
2405363,Lot of iMacs,33060,66.0
2405391,Lot of iMac's,33060,50.0
2406613,Lot of hedge trimmers,33060,42.0
2406621,Edge Trimmer,33060,28.0
2406662,Lot of Tables,33060,5.0
2406669,Lot of Chairs,33060,5.0
2406676,Lot of Chairs,33060,6.0
2406682,Lot of iMacs,33060,499.99
2406684,Lot of iMac's,33060,52.0
2407160,Lot of iMacs,33060,127.5
2407183,Lot of iMacs,33060,28.0
2408388,Air compressor,33060,5.0
2408400,Treadmill,33060,113.5
2408401,Service jack,33060,86.0
2408407,Wet Vac,33060,6.0
2408410,Scrubber,33060,5.0
2408420,Air Powered End Lift,33060,86.0
2408428,Treadmill,33060,113.5
2408437,Treadmill,33060,123.5
2408438,Lot of storage racks and plates,33060,5.0
2408638,Treadmill,33060,51.0
2408650,Treadmill,33060,51.0
2408663,Treadmill,33060,102.5
2408704,Drill Press,33060,20.5
2408706,Hydraulic Utility Jack,33060,55.0
2408708,Lift Jack,33060,52.01
2408710,Jack-Stand,33060,27.51
2408735,Lot of Apple Monitors,33060,26.0
2408736,Air Compressor,33060,36.0
2408744,Lot of Dell Monitors,33060,5.0
2408748,Grinder,33060,26.53
